[
  {
    "_id": "689d4aca108a77843c0aee23",
    "date": "2025-08-14",
    "total_bets": 17.89999999999999,
    "total_wins": 18.859999999999996,
    "total_adjusted_wins": 18.859999999999996,
    "total_profit_retained": 0,
    "effective_rtp": "100.00",
    "target_profit": 20,
    "created_at": "2025-08-14T02:32:42.019Z",
    "updated_at": "2025-08-14T11:21:18.811Z"
  },
  {
    "_id": "689eb779d5e5e147a93bcef0",
    "date": "2025-08-15",
    "total_bets": 7.999999999999996,
    "total_wins": 6.249999999999999,
    "total_adjusted_wins": 6.249999999999999,
    "total_profit_retained": 0,
    "effective_rtp": "100.00",
    "target_profit": 20,
    "created_at": "2025-08-15T04:28:41.008Z",
    "updated_at": "2025-08-15T08:10:35.512Z"
  },
  {
    "_id": "689fe9da231e13f7d74ba4eb",
    "date": "2025-08-16",
    "total_bets": 0.30000000000000004,
    "total_wins": 0.30000000000000004,
    "total_adjusted_wins": 0.30000000000000004,
    "total_profit_retained": 0,
    "effective_rtp": "100.00",
    "target_profit": 20,
    "created_at": "2025-08-16T02:15:54.271Z",
    "updated_at": "2025-08-16T18:48:11.510Z"
  },
  {
    "_id": "68a1249501ac09dcbc5d8b09",
    "date": "2025-08-17",
    "total_bets": 79.08999999999985,
    "total_wins": 236.04000000000025,
    "total_adjusted_wins": 236.04000000000025,
    "total_profit_retained": 0,
    "effective_rtp": "100.00",
    "target_profit": 20,
    "created_at": "2025-08-17T00:38:45.815Z",
    "updated_at": "2025-08-17T18:46:27.241Z"
  },
  {
    "_id": "68a2cb138a09ed3a96eded1d",
    "date": "2025-08-18",
    "total_bets": 96.05999999999996,
    "total_wins": 117.61999999999999,
    "total_adjusted_wins": 117.61999999999999,
    "total_profit_retained": 0,
    "effective_rtp": "100.00",
    "target_profit": 20,
    "created_at": "2025-08-18T06:41:23.238Z",
    "updated_at": "2025-08-18T11:56:12.378Z"
  },
  {
    "_id": "68a47fd2a9582ac981abbb4d",
    "date": "2025-08-19",
    "total_bets": 0.3,
    "total_wins": 0.05,
    "total_adjusted_wins": 0.05,
    "total_profit_retained": 0,
    "effective_rtp": "100.00",
    "target_profit": 20,
    "created_at": "2025-08-19T13:44:50.723Z",
    "updated_at": "2025-08-19T13:44:58.388Z"
  },
  {
    "_id": "68a588b9a9582ac981abbb56",
    "date": "2025-08-20",
    "total_bets": 7.15,
    "total_wins": 1.85,
    "total_adjusted_wins": 1.85,
    "total_profit_retained": 0,
    "effective_rtp": "100.00",
    "target_profit": 20,
    "created_at": "2025-08-20T08:35:05.830Z",
    "updated_at": "2025-08-20T11:29:45.786Z"
  },
  {
    "_id": "68a6c49aa9582ac981abbb9f",
    "date": "2025-08-21",
    "total_bets": 10.050000000000006,
    "total_wins": 0.32000000000000006,
    "total_adjusted_wins": 0.32000000000000006,
    "total_profit_retained": 0,
    "effective_rtp": "100.00",
    "target_profit": 20,
    "created_at": "2025-08-21T07:02:50.426Z",
    "updated_at": "2025-08-21T14:09:52.300Z"
  },
  {
    "_id": "68a87e38926101cf5638a3ab",
    "date": "2025-08-22",
    "total_bets": 0.3,
    "total_wins": 0,
    "total_adjusted_wins": 0,
    "total_profit_retained": 0,
    "effective_rtp": "100.00",
    "target_profit": 20,
    "created_at": "2025-08-22T14:27:04.659Z",
    "updated_at": "2025-08-22T14:27:09.439Z"
  },
  {
    "_id": "68ab0ad1daf5baa59dc66dfd",
    "date": "2025-08-24",
    "total_bets": 0.15,
    "total_wins": 0.1,
    "total_adjusted_wins": 0.1,
    "total_profit_retained": 0,
    "effective_rtp": "100.00",
    "target_profit": 20,
    "created_at": "2025-08-24T12:51:29.551Z",
    "updated_at": "2025-08-24T12:51:30.164Z"
  },
  {
    "_id": "68adc289ed7f3de13b95ec88",
    "date": "2025-08-26",
    "total_bets": 0.2,
    "total_wins": 0.05,
    "total_adjusted_wins": 0.05,
    "total_profit_retained": 0,
    "effective_rtp": "100.00",
    "target_profit": 20,
    "created_at": "2025-08-26T14:19:53.404Z",
    "updated_at": "2025-08-26T14:19:59.154Z"
  },
  {
    "_id": "68b12a29ddf713a57c2c8ba2",
    "date": "2025-08-29",
    "total_bets": 10,
    "total_wins": 5,
    "total_adjusted_wins": 5,
    "total_profit_retained": 0,
    "effective_rtp": "100.00",
    "target_profit": 20,
    "created_at": "2025-08-29T04:18:49.039Z",
    "updated_at": "2025-08-29T04:20:02.986Z"
  },
  {
    "_id": "68b40c76a27d44a8461c998d",
    "date": "2025-08-31",
    "total_bets": 20.200000000000003,
    "total_wins": 0.1,
    "total_adjusted_wins": 0.1,
    "total_profit_retained": 0,
    "effective_rtp": "100.00",
    "target_profit": 20,
    "created_at": "2025-08-31T08:48:54.543Z",
    "updated_at": "2025-08-31T10:03:17.158Z"
  },
  {
    "_id": "68b561537a296d3c23c51c55",
    "date": "2025-09-01",
    "total_bets": 38.79999999999999,
    "total_wins": 20.75,
    "total_adjusted_wins": 20.75,
    "total_profit_retained": 0,
    "effective_rtp": "100.00",
    "target_profit": 20,
    "created_at": "2025-09-01T09:03:15.409Z",
    "updated_at": "2025-09-01T14:24:35.357Z"
  },
  {
    "_id": "68b679e6f12d2f9794d1a54e",
    "date": "2025-09-02",
    "total_bets": 0.1,
    "total_wins": 2.2,
    "total_adjusted_wins": 2.2,
    "total_profit_retained": 0,
    "effective_rtp": "100.00",
    "target_profit": 20,
    "created_at": "2025-09-02T05:00:22.215Z",
    "updated_at": "2025-09-02T09:55:04.073Z"
  },
  {
    "_id": "68b7b2ae54e5263a92c3ea17",
    "date": "2025-09-03",
    "total_bets": 1.2000000000000002,
    "total_wins": 0,
    "total_adjusted_wins": 0,
    "total_profit_retained": 0,
    "effective_rtp": "100.00",
    "target_profit": 20,
    "created_at": "2025-09-03T03:14:54.038Z",
    "updated_at": "2025-09-03T08:30:37.662Z"
  },
  {
    "_id": "68ba98d7f95f00733a847ab8",
    "date": "2025-09-05",
    "total_bets": 6.4,
    "total_wins": 0.02,
    "total_adjusted_wins": 0.02,
    "total_profit_retained": 0,
    "effective_rtp": "100.00",
    "target_profit": 20,
    "created_at": "2025-09-05T08:01:27.348Z",
    "updated_at": "2025-09-05T12:52:09.890Z"
  },
  {
    "_id": "68bbf01dc3a171346e51e340",
    "date": "2025-09-06",
    "total_bets": 50.900000000000006,
    "total_wins": 1.73,
    "total_adjusted_wins": 1.73,
    "total_profit_retained": 0,
    "effective_rtp": "100.00",
    "target_profit": 20,
    "created_at": "2025-09-06T08:26:05.821Z",
    "updated_at": "2025-09-06T14:08:59.608Z"
  },
  {
    "_id": "68bd0b5f85fe7883445dcfd1",
    "date": "2025-09-07",
    "total_bets": 8.999999999999991,
    "total_wins": 8.119999999999997,
    "total_adjusted_wins": 7.774999999999998,
    "total_profit_retained": 0.345,
    "effective_rtp": "81.00",
    "target_profit": 20,
    "created_at": "2025-09-07T04:34:39.768Z",
    "updated_at": "2025-09-07T06:51:29.582Z"
  },
  {
    "_id": "68be5d511d591ad0fb94c0b1",
    "date": "2025-09-08",
    "total_bets": 2211.4500000000103,
    "total_wins": 1121.9,
    "total_adjusted_wins": 815.4424999999998,
    "total_profit_retained": 306.45750000000004,
    "effective_rtp": "85.00",
    "target_profit": 20,
    "created_at": "2025-09-08T04:36:33.789Z",
    "updated_at": "2025-09-08T21:16:25.967Z"
  },
  {
    "_id": "68bf7395cd3680fd5bd29008",
    "date": "2025-09-09",
    "total_bets": 2.1999999999999993,
    "total_wins": 1.6,
    "total_adjusted_wins": 1.6,
    "total_profit_retained": 0,
    "effective_rtp": "50.00",
    "target_profit": 20,
    "created_at": "2025-09-09T00:23:49.276Z",
    "updated_at": "2025-09-09T05:32:48.484Z"
  },
  {
    "_id": "68c0f6956e5dc62c68acc88d",
    "date": "2025-09-10",
    "total_bets": 170,
    "total_wins": 145,
    "total_adjusted_wins": 121.45833333333334,
    "total_profit_retained": 26.354166666666664,
    "effective_rtp": "50.00",
    "target_profit": 20,
    "created_at": "2025-09-10T03:55:01.010Z",
    "updated_at": "2025-09-10T06:09:32.261Z"
  },
  {
    "_id": "68c2c3f58303a78878a82451",
    "date": "2025-09-11",
    "total_bets": 1.5,
    "total_wins": 0.6,
    "total_adjusted_wins": 0.61875,
    "total_profit_retained": 0,
    "effective_rtp": "99.00",
    "target_profit": 20,
    "created_at": "2025-09-11T12:43:33.730Z",
    "updated_at": "2025-09-11T12:43:34.702Z"
  },
  {
    "_id": "68c7c3bdd390512639eaaa6e",
    "date": "2025-09-15",
    "total_bets": 1,
    "total_wins": 0.3,
    "total_adjusted_wins": 0.309375,
    "total_profit_retained": 0,
    "effective_rtp": "99.00",
    "target_profit": 20,
    "created_at": "2025-09-15T07:43:57.274Z",
    "updated_at": "2025-09-15T07:43:57.941Z"
  },
  {
    "_id": "68ce56fb9b42e7fe5ef594fe",
    "date": "2025-09-20",
    "total_bets": 1,
    "total_wins": 0.3,
    "total_adjusted_wins": 0.309375,
    "total_profit_retained": 0,
    "effective_rtp": "99.00",
    "target_profit": 20,
    "created_at": "2025-09-20T07:25:47.136Z",
    "updated_at": "2025-09-20T07:25:48.130Z"
  },
  {
    "_id": "68db8d1fd46a8727d8a0f89c",
    "date": "2025-09-30",
    "total_bets": 2.1999999999999997,
    "total_wins": 0.15,
    "total_adjusted_wins": 0.1546875,
    "total_profit_retained": 0,
    "effective_rtp": "99.00",
    "target_profit": 20,
    "created_at": "2025-09-30T07:56:15.375Z",
    "updated_at": "2025-09-30T07:57:24.541Z"
  },
  {
    "_id": "68e21831d46a8727d8a0f8a9",
    "date": "2025-10-05",
    "total_bets": 7.499999999999997,
    "total_wins": 18.650000000000002,
    "total_adjusted_wins": 19.232812499999998,
    "total_profit_retained": 0,
    "effective_rtp": "99.00",
    "target_profit": 20,
    "created_at": "2025-10-05T07:03:13.732Z",
    "updated_at": "2025-10-05T07:39:58.310Z"
  }
]