[
  {
    "_id": "689c2f27dbf24c3649fa08d9",
    "id": 45,
    "category": "slots",
    "created_at": "2025-08-13T06:22:31.715Z",
    "is_active": true,
    "name": "Provider Game 45",
    "provider": "iconix",
    "updated_at": "2025-08-13T06:22:31.715Z",
    "vendor": "iconix"
  },
  {
    "_id": "689c2fe4dbf24c3649fa0bd2",
    "id": 47,
    "category": "slots",
    "created_at": "2025-08-13T06:25:40.912Z",
    "is_active": true,
    "name": "Provider Game 47",
    "provider": "iconix",
    "updated_at": "2025-08-13T06:25:40.912Z",
    "vendor": "iconix"
  },
  {
    "_id": "689c3f1fdbf24c3649fa41c9",
    "id": 41,
    "category": "slots",
    "created_at": "2025-08-13T07:30:39.087Z",
    "is_active": true,
    "name": "Provider Game 41",
    "provider": "iconix",
    "updated_at": "2025-08-13T07:30:39.087Z",
    "vendor": "iconix"
  },
  {
    "_id": "689d4ac2387e987b9d189290",
    "id": 101,
    "category": "slots",
    "created_at": "2025-08-14T02:32:34.193Z",
    "is_active": true,
    "name": "Provider Game 101",
    "provider": "iconix",
    "updated_at": "2025-08-14T02:32:34.193Z",
    "vendor": "iconix"
  },
  {
    "_id": "689d883e387e987b9d18d9ad",
    "id": 112,
    "category": "slots",
    "created_at": "2025-08-14T06:54:54.899Z",
    "is_active": true,
    "name": "Provider Game 112",
    "provider": "iconix",
    "updated_at": "2025-08-14T06:54:54.899Z",
    "vendor": "iconix"
  },
  {
    "_id": "689d8933387e987b9d18ddc1",
    "id": 105,
    "category": "slots",
    "created_at": "2025-08-14T06:58:59.533Z",
    "is_active": true,
    "name": "Provider Game 105",
    "provider": "iconix",
    "updated_at": "2025-08-14T06:58:59.533Z",
    "vendor": "iconix"
  },
  {
    "_id": "689dc69a387e987b9d1929af",
    "id": 111,
    "category": "slots",
    "created_at": "2025-08-14T11:20:58.640Z",
    "is_active": true,
    "name": "Provider Game 111",
    "provider": "iconix",
    "updated_at": "2025-08-14T11:20:58.640Z",
    "vendor": "iconix"
  },
  {
    "_id": "689eb712387e987b9d1a4a00",
    "id": 110,
    "category": "slots",
    "created_at": "2025-08-15T04:26:58.201Z",
    "is_active": true,
    "name": "Provider Game 110",
    "provider": "iconix",
    "updated_at": "2025-08-15T04:26:58.201Z",
    "vendor": "iconix"
  },
  {
    "_id": "689fe9d5387e987b9d1bbd33",
    "id": 109,
    "category": "slots",
    "created_at": "2025-08-16T02:15:49.992Z",
    "is_active": true,
    "name": "Provider Game 109",
    "provider": "iconix",
    "updated_at": "2025-08-16T02:15:49.992Z",
    "vendor": "iconix"
  },
  {
    "_id": "68a03da5387e987b9d1c55a4",
    "id": 108,
    "category": "slots",
    "created_at": "2025-08-16T08:13:25.049Z",
    "is_active": true,
    "name": "Provider Game 108",
    "provider": "iconix",
    "updated_at": "2025-08-16T08:13:25.049Z",
    "vendor": "iconix"
  },
  {
    "_id": "68a12409387e987b9d1d567b",
    "id": 34,
    "category": "tablegame",
    "created_at": "2025-08-17T00:36:25.076Z",
    "is_active": true,
    "name": "Provider Game 34",
    "provider": "iconix",
    "updated_at": "2025-08-17T00:36:25.076Z",
    "vendor": "iconix"
  },
  {
    "_id": "68a17d32387e987b9d1dc548",
    "id": 107,
    "category": "slots",
    "created_at": "2025-08-17T06:56:50.757Z",
    "is_active": true,
    "name": "Provider Game 107",
    "provider": "iconix",
    "updated_at": "2025-08-17T06:56:50.757Z",
    "vendor": "iconix"
  },
  {
    "_id": "68a18a1f387e987b9d1dd8c1",
    "id": 30,
    "category": "slots",
    "created_at": "2025-08-17T07:51:59.729Z",
    "is_active": true,
    "name": "Provider Game 30",
    "provider": "iconix",
    "updated_at": "2025-08-17T07:51:59.729Z",
    "vendor": "iconix"
  },
  {
    "_id": "68a1a9dac10de6328689b03d",
    "game_id": 30,
    "name": "Dojo",
    "category": "slots",
    "provider": "iconix",
    "vendor": "iconix",
    "is_active": true,
    "created_at": "2025-08-17T10:07:22.045Z",
    "updated_at": "2025-08-17T10:07:22.045Z"
  },
  {
    "_id": "68a1d5e1387e987b9d1e5b99",
    "id": 102,
    "category": "slots",
    "created_at": "2025-08-17T13:15:13.363Z",
    "is_active": true,
    "name": "Provider Game 102",
    "provider": "iconix",
    "updated_at": "2025-08-17T13:15:13.363Z",
    "vendor": "iconix"
  },
  {
    "_id": "68a1f8ae387e987b9d1e9784",
    "id": 106,
    "category": "slots",
    "created_at": "2025-08-17T15:43:42.487Z",
    "is_active": true,
    "name": "Provider Game 106",
    "provider": "iconix",
    "updated_at": "2025-08-17T15:43:42.487Z",
    "vendor": "iconix"
  },
  {
    "_id": "68a222bd387e987b9d1edfef",
    "id": 104,
    "category": "slots",
    "created_at": "2025-08-17T18:43:09.317Z",
    "is_active": true,
    "name": "Provider Game 104",
    "provider": "iconix",
    "updated_at": "2025-08-17T18:43:09.317Z",
    "vendor": "iconix"
  },
  {
    "_id": "68a314c2387e987b9d2018b5",
    "id": 9003,
    "category": "slots",
    "created_at": "2025-08-18T11:55:46.235Z",
    "is_active": true,
    "name": "Provider Game 9003",
    "provider": "iconix",
    "updated_at": "2025-08-18T11:55:46.235Z",
    "vendor": "iconix"
  },
  {
    "_id": "68a314fd387e987b9d201982",
    "id": 10633,
    "category": "slots",
    "created_at": "2025-08-18T11:56:45.037Z",
    "is_active": true,
    "name": "Provider Game 10633",
    "provider": "iconix",
    "updated_at": "2025-08-18T11:56:45.037Z",
    "vendor": "iconix"
  },
  {
    "_id": "68a31962387e987b9d201fea",
    "id": 11068,
    "category": "slots",
    "created_at": "2025-08-18T12:15:30.979Z",
    "is_active": true,
    "name": "Provider Game 11068",
    "provider": "iconix",
    "updated_at": "2025-08-18T12:15:30.979Z",
    "vendor": "iconix"
  },
  {
    "_id": "68a31a4a387e987b9d20213b",
    "id": 7136,
    "category": "slots",
    "created_at": "2025-08-18T12:19:22.414Z",
    "is_active": true,
    "name": "Provider Game 7136",
    "provider": "iconix",
    "updated_at": "2025-08-18T12:19:22.414Z",
    "vendor": "iconix"
  },
  {
    "_id": "68a34fdc387e987b9d206b84",
    "id": 10017,
    "category": "lobby",
    "created_at": "2025-08-18T16:07:56.222Z",
    "is_active": true,
    "name": "Provider Game 10017",
    "provider": "iconix",
    "updated_at": "2025-08-18T16:07:56.222Z",
    "vendor": "iconix"
  },
  {
    "_id": "68a3507a387e987b9d206c6b",
    "id": 9937,
    "category": "lobby",
    "created_at": "2025-08-18T16:10:34.508Z",
    "is_active": true,
    "name": "Provider Game 9937",
    "provider": "iconix",
    "updated_at": "2025-08-18T16:10:34.508Z",
    "vendor": "iconix"
  },
  {
    "_id": "68a5ab54387e987b9d2380bc",
    "id": 12020,
    "category": "slots",
    "created_at": "2025-08-20T11:02:44.956Z",
    "is_active": true,
    "name": "Provider Game 12020",
    "provider": "iconix",
    "updated_at": "2025-08-20T11:02:44.956Z",
    "vendor": "iconix"
  },
  {
    "_id": "68a5ac1d387e987b9d2381f8",
    "id": 4974,
    "category": "slots",
    "created_at": "2025-08-20T11:06:05.546Z",
    "is_active": true,
    "name": "Provider Game 4974",
    "provider": "iconix",
    "updated_at": "2025-08-20T11:06:05.546Z",
    "vendor": "iconix"
  },
  {
    "_id": "68a6ddeb387e987b9d2509df",
    "id": 11970,
    "category": "slots",
    "created_at": "2025-08-21T08:50:51.469Z",
    "is_active": true,
    "name": "Provider Game 11970",
    "provider": "iconix",
    "updated_at": "2025-08-21T08:50:51.469Z",
    "vendor": "iconix"
  },
  {
    "_id": "68a71861387e987b9d25589f",
    "id": 1620,
    "category": "slots",
    "created_at": "2025-08-21T13:00:17.003Z",
    "is_active": true,
    "name": "Provider Game 1620",
    "provider": "iconix",
    "updated_at": "2025-08-21T13:00:17.003Z",
    "vendor": "iconix"
  },
  {
    "_id": "68b129d80db02e458f1067bf",
    "id": 12018,
    "category": "slots",
    "created_at": "2025-08-29T04:17:28.608Z",
    "is_active": true,
    "name": "Provider Game 12018",
    "provider": "iconix",
    "updated_at": "2025-08-29T04:17:28.608Z",
    "vendor": "iconix"
  },
  {
    "_id": "68b165aa0db02e458f10ae46",
    "id": 12019,
    "category": "dice",
    "created_at": "2025-08-29T08:32:42.340Z",
    "is_active": true,
    "name": "Provider Game 12019",
    "provider": "iconix",
    "updated_at": "2025-08-29T08:32:42.340Z",
    "vendor": "iconix"
  },
  {
    "_id": "68b196840db02e458f10ecde",
    "id": 3737,
    "category": "slots",
    "created_at": "2025-08-29T12:01:08.009Z",
    "is_active": true,
    "name": "Provider Game 3737",
    "provider": "iconix",
    "updated_at": "2025-08-29T12:01:08.009Z",
    "vendor": "iconix"
  },
  {
    "_id": "68b41b410db02e458f13c682",
    "id": 11776,
    "category": "slots",
    "created_at": "2025-08-31T09:52:01.101Z",
    "is_active": true,
    "name": "Provider Game 11776",
    "provider": "iconix",
    "updated_at": "2025-08-31T09:52:01.101Z",
    "vendor": "iconix"
  },
  {
    "_id": "68b41b600db02e458f13c6b9",
    "id": 9515,
    "category": "lottery",
    "created_at": "2025-08-31T09:52:32.244Z",
    "is_active": true,
    "name": "Provider Game 9515",
    "provider": "iconix",
    "updated_at": "2025-08-31T09:52:32.244Z",
    "vendor": "iconix"
  },
  {
    "_id": "68b527e20db02e458f14e89b",
    "id": 9934,
    "category": "lobby",
    "created_at": "2025-09-01T04:58:10.782Z",
    "is_active": true,
    "name": "Provider Game 9934",
    "provider": "iconix",
    "updated_at": "2025-09-01T04:58:10.782Z",
    "vendor": "iconix"
  },
  {
    "_id": "68b5ac7c0db02e458f159266",
    "id": 1210,
    "category": "dice",
    "created_at": "2025-09-01T14:23:56.502Z",
    "is_active": true,
    "name": "Provider Game 1210",
    "provider": "iconix",
    "updated_at": "2025-09-01T14:23:56.502Z",
    "vendor": "iconix"
  },
  {
    "_id": "68b7b2900db02e458f1804b2",
    "id": 11231,
    "category": "slots",
    "created_at": "2025-09-03T03:14:24.180Z",
    "is_active": true,
    "name": "Provider Game 11231",
    "provider": "iconix",
    "updated_at": "2025-09-03T03:14:24.180Z",
    "vendor": "iconix"
  },
  {
    "_id": "68badcee0db02e458f1ba9d5",
    "id": 4692,
    "category": "shooting",
    "created_at": "2025-09-05T12:51:58.570Z",
    "is_active": true,
    "name": "Provider Game 4692",
    "provider": "iconix",
    "updated_at": "2025-09-05T12:51:58.570Z",
    "vendor": "iconix"
  },
  {
    "_id": "68be5d210db02e458f1f8c72",
    "id": 12016,
    "category": "slots",
    "created_at": "2025-09-08T04:35:45.811Z",
    "is_active": true,
    "name": "Provider Game 12016",
    "provider": "iconix",
    "updated_at": "2025-09-08T04:35:45.811Z",
    "vendor": "iconix"
  },
  {
    "_id": "68be65b50db02e458f1f9ba8",
    "id": 12015,
    "category": "slots",
    "created_at": "2025-09-08T05:12:21.950Z",
    "is_active": true,
    "name": "Provider Game 12015",
    "provider": "iconix",
    "updated_at": "2025-09-08T05:12:21.950Z",
    "vendor": "iconix"
  },
  {
    "_id": "68be660f0db02e458f1f9c28",
    "id": 12003,
    "category": "slots",
    "created_at": "2025-09-08T05:13:51.181Z",
    "is_active": true,
    "name": "Provider Game 12003",
    "provider": "iconix",
    "updated_at": "2025-09-08T05:13:51.181Z",
    "vendor": "iconix"
  },
  {
    "_id": "68be80880db02e458f1fc3e7",
    "id": 12017,
    "category": "interactivegame",
    "created_at": "2025-09-08T07:06:48.735Z",
    "is_active": true,
    "name": "Provider Game 12017",
    "provider": "iconix",
    "updated_at": "2025-09-08T07:06:48.735Z",
    "vendor": "iconix"
  },
  {
    "_id": "68be81250db02e458f1fc4ef",
    "id": 12014,
    "category": "slots",
    "created_at": "2025-09-08T07:09:25.173Z",
    "is_active": true,
    "name": "Provider Game 12014",
    "provider": "iconix",
    "updated_at": "2025-09-08T07:09:25.173Z",
    "vendor": "iconix"
  },
  {
    "_id": "68be818b0db02e458f1fc5af",
    "id": 12010,
    "category": "slots",
    "created_at": "2025-09-08T07:11:07.453Z",
    "is_active": true,
    "name": "Provider Game 12010",
    "provider": "iconix",
    "updated_at": "2025-09-08T07:11:07.453Z",
    "vendor": "iconix"
  },
  {
    "_id": "68bebea70db02e458f2016dc",
    "id": 11978,
    "category": "slots",
    "created_at": "2025-09-08T11:31:51.246Z",
    "is_active": true,
    "name": "Provider Game 11978",
    "provider": "iconix",
    "updated_at": "2025-09-08T11:31:51.246Z",
    "vendor": "iconix"
  },
  {
    "_id": "68bec4a00db02e458f2020b4",
    "id": 11987,
    "category": "slots",
    "created_at": "2025-09-08T11:57:20.199Z",
    "is_active": true,
    "name": "Provider Game 11987",
    "provider": "iconix",
    "updated_at": "2025-09-08T11:57:20.199Z",
    "vendor": "iconix"
  },
  {
    "_id": "68bf04ad0db02e458f2082be",
    "id": 12011,
    "category": "slots",
    "created_at": "2025-09-08T16:30:37.626Z",
    "is_active": true,
    "name": "Provider Game 12011",
    "provider": "iconix",
    "updated_at": "2025-09-08T16:30:37.626Z",
    "vendor": "iconix"
  },
  {
    "_id": "68bf0b2e0db02e458f208ddc",
    "id": 12004,
    "category": "slots",
    "created_at": "2025-09-08T16:58:22.212Z",
    "is_active": true,
    "name": "Provider Game 12004",
    "provider": "iconix",
    "updated_at": "2025-09-08T16:58:22.212Z",
    "vendor": "iconix"
  },
  {
    "_id": "68bf46680db02e458f20e37d",
    "id": 12007,
    "category": "slots",
    "created_at": "2025-09-08T21:11:04.043Z",
    "is_active": true,
    "name": "Provider Game 12007",
    "provider": "iconix",
    "updated_at": "2025-09-08T21:11:04.043Z",
    "vendor": "iconix"
  },
  {
    "_id": "68bf46b20db02e458f20e3f5",
    "id": 11761,
    "category": "slots",
    "created_at": "2025-09-08T21:12:18.874Z",
    "is_active": true,
    "name": "Provider Game 11761",
    "provider": "iconix",
    "updated_at": "2025-09-08T21:12:18.874Z",
    "vendor": "iconix"
  },
  {
    "_id": "68bf73790db02e458f2128cd",
    "id": 11753,
    "category": "slots",
    "created_at": "2025-09-09T00:23:21.670Z",
    "is_active": true,
    "name": "Provider Game 11753",
    "provider": "iconix",
    "updated_at": "2025-09-09T00:23:21.670Z",
    "vendor": "iconix"
  },
  {
    "_id": "68c2c3b20db02e458f254780",
    "id": 12013,
    "category": "slots",
    "created_at": "2025-09-11T12:42:26.963Z",
    "is_active": true,
    "name": "Provider Game 12013",
    "provider": "iconix",
    "updated_at": "2025-09-11T12:42:26.963Z",
    "vendor": "iconix"
  },
  {
    "_id": "68db8ca896fa403aa7c73bb6",
    "id": 12009,
    "category": "slots",
    "created_at": "2025-09-30T07:54:16.608Z",
    "is_active": true,
    "name": "Provider Game 12009",
    "provider": "iconix",
    "updated_at": "2025-09-30T07:54:16.608Z",
    "vendor": "iconix"
  },
  {
    "_id": "68db8ccf96fa403aa7c73bf2",
    "id": 11867,
    "category": "slots",
    "created_at": "2025-09-30T07:54:55.020Z",
    "is_active": true,
    "name": "Provider Game 11867",
    "provider": "iconix",
    "updated_at": "2025-09-30T07:54:55.020Z",
    "vendor": "iconix"
  },
  {
    "_id": "68db8d1596fa403aa7c73c57",
    "id": 11628,
    "category": "slots",
    "created_at": "2025-09-30T07:56:05.672Z",
    "is_active": true,
    "name": "Provider Game 11628",
    "provider": "iconix",
    "updated_at": "2025-09-30T07:56:05.672Z",
    "vendor": "iconix"
  },
  {
    "_id": "68db8d5296fa403aa7c73d24",
    "id": 11773,
    "category": "slots",
    "created_at": "2025-09-30T07:57:06.313Z",
    "is_active": true,
    "name": "Provider Game 11773",
    "provider": "iconix",
    "updated_at": "2025-09-30T07:57:06.313Z",
    "vendor": "iconix"
  },
  {
    "_id": "68db8e0496fa403aa7c73e56",
    "id": 11879,
    "category": "slots",
    "created_at": "2025-09-30T08:00:04.012Z",
    "is_active": true,
    "name": "Provider Game 11879",
    "provider": "iconix",
    "updated_at": "2025-09-30T08:00:04.012Z",
    "vendor": "iconix"
  },
  {
    "_id": "68e217f096fa403aa7cf308b",
    "id": 11998,
    "category": "slots",
    "created_at": "2025-10-05T07:02:08.862Z",
    "is_active": true,
    "name": "Provider Game 11998",
    "provider": "iconix",
    "updated_at": "2025-10-05T07:02:08.862Z",
    "vendor": "iconix"
  },
  {
    "_id": "68e2182796fa403aa7cf30d2",
    "id": 11583,
    "category": "slots",
    "created_at": "2025-10-05T07:03:03.308Z",
    "is_active": true,
    "name": "Provider Game 11583",
    "provider": "iconix",
    "updated_at": "2025-10-05T07:03:03.308Z",
    "vendor": "iconix"
  },
  {
    "_id": "690b3a53b858e93fe40156bf",
    "id": 11743,
    "category": "slots",
    "created_at": "2025-11-05T11:51:47.024Z",
    "is_active": true,
    "name": "Provider Game 11743",
    "provider": "iconix",
    "updated_at": "2025-11-05T11:51:47.024Z",
    "vendor": "iconix"
  },
  {
    "_id": "690b4199b858e93fe4015d60",
    "id": 11624,
    "category": "slots",
    "created_at": "2025-11-05T12:22:49.639Z",
    "is_active": true,
    "name": "Provider Game 11624",
    "provider": "iconix",
    "updated_at": "2025-11-05T12:22:49.639Z",
    "vendor": "iconix"
  },
  {
    "_id": "690b484eb858e93fe401635c",
    "id": 11981,
    "category": "slots",
    "created_at": "2025-11-05T12:51:26.395Z",
    "is_active": true,
    "name": "Provider Game 11981",
    "provider": "iconix",
    "updated_at": "2025-11-05T12:51:26.395Z",
    "vendor": "iconix"
  },
  {
    "_id": "690b4e09b858e93fe4016893",
    "id": 11895,
    "category": "slots",
    "created_at": "2025-11-05T13:15:53.684Z",
    "is_active": true,
    "name": "Provider Game 11895",
    "provider": "iconix",
    "updated_at": "2025-11-05T13:15:53.684Z",
    "vendor": "iconix"
  },
  {
    "_id": "690b4e42b858e93fe40168dd",
    "id": 11088,
    "category": "slots",
    "created_at": "2025-11-05T13:16:50.369Z",
    "is_active": true,
    "name": "Provider Game 11088",
    "provider": "iconix",
    "updated_at": "2025-11-05T13:16:50.369Z",
    "vendor": "iconix"
  },
  {
    "_id": "690b4e5fb858e93fe40168fc",
    "id": 11160,
    "category": "slots",
    "created_at": "2025-11-05T13:17:19.793Z",
    "is_active": true,
    "name": "Provider Game 11160",
    "provider": "iconix",
    "updated_at": "2025-11-05T13:17:19.793Z",
    "vendor": "iconix"
  },
  {
    "_id": "690b4edfb858e93fe401697c",
    "id": 10995,
    "category": "slots",
    "created_at": "2025-11-05T13:19:27.802Z",
    "is_active": true,
    "name": "Provider Game 10995",
    "provider": "iconix",
    "updated_at": "2025-11-05T13:19:27.802Z",
    "vendor": "iconix"
  },
  {
    "_id": "690b4f9bb858e93fe4016a49",
    "id": 12002,
    "category": "slots",
    "created_at": "2025-11-05T13:22:35.074Z",
    "is_active": true,
    "name": "Provider Game 12002",
    "provider": "iconix",
    "updated_at": "2025-11-05T13:22:35.074Z",
    "vendor": "iconix"
  },
  {
    "_id": "690b4fb1b858e93fe4016a6d",
    "id": 12008,
    "category": "slots",
    "created_at": "2025-11-05T13:22:57.460Z",
    "is_active": true,
    "name": "Provider Game 12008",
    "provider": "iconix",
    "updated_at": "2025-11-05T13:22:57.460Z",
    "vendor": "iconix"
  },
  {
    "_id": "690b4ff6b858e93fe4016ac3",
    "id": 11016,
    "category": "slots",
    "created_at": "2025-11-05T13:24:06.032Z",
    "is_active": true,
    "name": "Provider Game 11016",
    "provider": "iconix",
    "updated_at": "2025-11-05T13:24:06.032Z",
    "vendor": "iconix"
  },
  {
    "_id": "690b500bb858e93fe4016ae0",
    "id": 11146,
    "category": "slots",
    "created_at": "2025-11-05T13:24:27.441Z",
    "is_active": true,
    "name": "Provider Game 11146",
    "provider": "iconix",
    "updated_at": "2025-11-05T13:24:27.441Z",
    "vendor": "iconix"
  },
  {
    "_id": "690b5676b858e93fe4017119",
    "id": 114,
    "category": "crashgame",
    "created_at": "2025-11-05T13:51:50.938Z",
    "is_active": true,
    "name": "Provider Game 114",
    "provider": "iconix",
    "updated_at": "2025-11-05T13:51:50.938Z",
    "vendor": "iconix"
  },
  {
    "_id": "690e2f22b858e93fe403346d",
    "id": 11431,
    "category": "slots",
    "created_at": "2025-11-07T17:40:50.553Z",
    "is_active": true,
    "name": "Provider Game 11431",
    "provider": "iconix",
    "updated_at": "2025-11-07T17:40:50.553Z",
    "vendor": "iconix"
  },
  {
    "_id": "690e2f68b858e93fe40334ab",
    "id": 11994,
    "category": "slots",
    "created_at": "2025-11-07T17:42:00.384Z",
    "is_active": true,
    "name": "Provider Game 11994",
    "provider": "iconix",
    "updated_at": "2025-11-07T17:42:00.384Z",
    "vendor": "iconix"
  },
  {
    "_id": "690f50cab858e93fe403e742",
    "id": 11861,
    "category": "slots",
    "created_at": "2025-11-08T14:16:42.127Z",
    "is_active": true,
    "name": "Provider Game 11861",
    "provider": "iconix",
    "updated_at": "2025-11-08T14:16:42.127Z",
    "vendor": "iconix"
  },
  {
    "_id": "690f6e3db858e93fe403fa1a",
    "id": 11946,
    "category": "slots",
    "created_at": "2025-11-08T16:22:21.021Z",
    "is_active": true,
    "name": "Provider Game 11946",
    "provider": "iconix",
    "updated_at": "2025-11-08T16:22:21.021Z",
    "vendor": "iconix"
  }
]