[
  {
    "_id": "68bd00e7b63749e676e04d54",
    "previous_rtp": "85.00",
    "new_rtp": 83,
    "adjustment": 2,
    "reason": "Profit below target by 15.0% - reducing payouts",
    "profit_gap": -15,
    "actual_profit": 0,
    "target_profit": "15.00",
    "created_at": "2025-09-07T03:49:59.793Z"
  },
  {
    "_id": "68bd06fbb63749e676e04d55",
    "previous_rtp": "83.00",
    "new_rtp": 81,
    "adjustment": 2,
    "reason": "Profit below target by 15.0% - reducing payouts",
    "profit_gap": -15,
    "actual_profit": 0,
    "target_profit": "15.00",
    "created_at": "2025-09-07T04:15:55.490Z"
  },
  {
    "_id": "68bd0c7c85fe7883445dcfd7",
    "previous_rtp": "30.00",
    "new_rtp": 28,
    "adjustment": 2,
    "reason": "Profit below target by 70.0% - reducing payouts",
    "profit_gap": -70,
    "actual_profit": 0,
    "target_profit": "70.00",
    "created_at": "2025-09-07T04:39:24.792Z"
  },
  {
    "_id": "68bd0c9785fe7883445dcfd8",
    "previous_rtp": "28.00",
    "new_rtp": 50,
    "adjustment": 22,
    "reason": "Profit below target by 70.0% - reducing payouts",
    "profit_gap": -70,
    "actual_profit": 0,
    "target_profit": "70.00",
    "created_at": "2025-09-07T04:39:51.003Z"
  },
  {
    "_id": "68bd0f58020ff8e01b7fc327",
    "previous_rtp": "30.00",
    "new_rtp": 28,
    "adjustment": 2,
    "reason": "Profit below target by 70.0% - reducing payouts",
    "profit_gap": -70,
    "actual_profit": 0,
    "target_profit": "70.00",
    "created_at": "2025-09-07T04:51:36.573Z"
  },
  {
    "_id": "68bd0f7a020ff8e01b7fc328",
    "previous_rtp": "28.00",
    "new_rtp": 50,
    "adjustment": 22,
    "reason": "Profit below target by 70.0% - reducing payouts",
    "profit_gap": -70,
    "actual_profit": 0,
    "target_profit": "70.00",
    "created_at": "2025-09-07T04:52:10.979Z"
  },
  {
    "_id": "68bd17049793a53df6fdc3f7",
    "previous_rtp": "80.00",
    "new_rtp": 78,
    "adjustment": 2,
    "reason": "Profit below target by 19.4% - reducing payouts",
    "profit_gap": -19.394736842105264,
    "actual_profit": 0.6052631578947367,
    "target_profit": "20.00",
    "created_at": "2025-09-07T05:24:20.566Z"
  },
  {
    "_id": "68bd1800a2b15b8592c7fd94",
    "previous_rtp": "78.00",
    "new_rtp": 76,
    "adjustment": 2,
    "reason": "Profit below target by 19.4% - reducing payouts",
    "profit_gap": -19.394736842105264,
    "actual_profit": 0.6052631578947367,
    "target_profit": "20.00",
    "created_at": "2025-09-07T05:28:32.759Z"
  },
  {
    "_id": "68bd190a55498c6e31aa879d",
    "previous_rtp": "76.00",
    "new_rtp": 74,
    "adjustment": 2,
    "reason": "Profit below target by 19.4% - reducing payouts",
    "profit_gap": -19.394736842105264,
    "actual_profit": 0.6052631578947367,
    "target_profit": "20.00",
    "created_at": "2025-09-07T05:32:58.603Z"
  },
  {
    "_id": "68bd1a8aa6f8da79be117b8b",
    "previous_rtp": "74.00",
    "new_rtp": 72,
    "adjustment": 2,
    "reason": "Profit below target by 19.4% - reducing payouts",
    "profit_gap": -19.394736842105264,
    "actual_profit": 0.6052631578947367,
    "target_profit": "20.00",
    "created_at": "2025-09-07T05:39:22.226Z"
  },
  {
    "_id": "68bd2156a6f8da79be117b8c",
    "previous_rtp": "30.00",
    "new_rtp": 50,
    "adjustment": 20,
    "reason": "Profit below target by 69.4% - reducing payouts",
    "profit_gap": -69.39473684210526,
    "actual_profit": 0.6052631578947367,
    "target_profit": "70.00",
    "created_at": "2025-09-07T06:08:22.167Z"
  },
  {
    "_id": "68bd2c049fa5d7f09691f29b",
    "previous_rtp": "70.00",
    "new_rtp": 68,
    "adjustment": 2,
    "reason": "Profit below target by 29.4% - reducing payouts",
    "profit_gap": -29.424040066777962,
    "actual_profit": 0.5759599332220368,
    "target_profit": "30.00",
    "created_at": "2025-09-07T06:53:56.215Z"
  },
  {
    "_id": "68bd2c049fa5d7f09691f29c",
    "previous_rtp": "68.00",
    "new_rtp": 66,
    "adjustment": 2,
    "reason": "Profit below target by 29.4% - reducing payouts",
    "profit_gap": -29.424040066777962,
    "actual_profit": 0.5759599332220368,
    "target_profit": "30.00",
    "created_at": "2025-09-07T06:53:56.217Z"
  },
  {
    "_id": "68bd330c9fa5d7f09691f29d",
    "previous_rtp": "66.00",
    "new_rtp": 64,
    "adjustment": 2,
    "reason": "Profit below target by 29.4% - reducing payouts",
    "profit_gap": -29.424040066777962,
    "actual_profit": 0.5759599332220368,
    "target_profit": "30.00",
    "created_at": "2025-09-07T07:23:56.218Z"
  },
  {
    "_id": "68bd330c9fa5d7f09691f29e",
    "previous_rtp": "66.00",
    "new_rtp": 64,
    "adjustment": 2,
    "reason": "Profit below target by 29.4% - reducing payouts",
    "profit_gap": -29.424040066777962,
    "actual_profit": 0.5759599332220368,
    "target_profit": "30.00",
    "created_at": "2025-09-07T07:23:56.219Z"
  },
  {
    "_id": "68bd3a149fa5d7f09691f29f",
    "previous_rtp": "64.00",
    "new_rtp": 62,
    "adjustment": 2,
    "reason": "Profit below target by 29.4% - reducing payouts",
    "profit_gap": -29.424040066777962,
    "actual_profit": 0.5759599332220368,
    "target_profit": "30.00",
    "created_at": "2025-09-07T07:53:56.229Z"
  },
  {
    "_id": "68bd3a149fa5d7f09691f2a0",
    "previous_rtp": "62.00",
    "new_rtp": 60,
    "adjustment": 2,
    "reason": "Profit below target by 29.4% - reducing payouts",
    "profit_gap": -29.424040066777962,
    "actual_profit": 0.5759599332220368,
    "target_profit": "30.00",
    "created_at": "2025-09-07T07:53:56.233Z"
  },
  {
    "_id": "68bd411c9fa5d7f09691f2a1",
    "previous_rtp": "60.00",
    "new_rtp": 58,
    "adjustment": 2,
    "reason": "Profit below target by 29.4% - reducing payouts",
    "profit_gap": -29.424040066777962,
    "actual_profit": 0.5759599332220368,
    "target_profit": "30.00",
    "created_at": "2025-09-07T08:23:56.218Z"
  },
  {
    "_id": "68bd411c9fa5d7f09691f2a2",
    "previous_rtp": "58.00",
    "new_rtp": 56,
    "adjustment": 2,
    "reason": "Profit below target by 29.4% - reducing payouts",
    "profit_gap": -29.424040066777962,
    "actual_profit": 0.5759599332220368,
    "target_profit": "30.00",
    "created_at": "2025-09-07T08:23:56.221Z"
  },
  {
    "_id": "68bd426a9520de26a28d1380",
    "previous_rtp": "56.00",
    "new_rtp": 54,
    "adjustment": 2,
    "reason": "Profit below target by 29.4% - reducing payouts",
    "profit_gap": -29.421140939597315,
    "actual_profit": 0.5788590604026844,
    "target_profit": "30.00",
    "created_at": "2025-09-07T08:29:30.104Z"
  },
  {
    "_id": "68bd42e4248506fde58ca209",
    "previous_rtp": "54.00",
    "new_rtp": 52,
    "adjustment": 2,
    "reason": "Profit below target by 29.4% - reducing payouts",
    "profit_gap": -29.421140939597315,
    "actual_profit": 0.5788590604026844,
    "target_profit": "30.00",
    "created_at": "2025-09-07T08:31:32.944Z"
  },
  {
    "_id": "68bd470c5888423f6a43f443",
    "previous_rtp": "52.00",
    "new_rtp": 50,
    "adjustment": 2,
    "reason": "Profit below target by 29.4% - reducing payouts",
    "profit_gap": -29.418212478920744,
    "actual_profit": 0.581787521079258,
    "target_profit": "30.00",
    "created_at": "2025-09-07T08:49:16.131Z"
  },
  {
    "_id": "68bd4dd85888423f6a43f444",
    "previous_rtp": "70.00",
    "new_rtp": 68,
    "adjustment": 2,
    "reason": "Profit below target by 29.4% - reducing payouts",
    "profit_gap": -29.418212478920744,
    "actual_profit": 0.581787521079258,
    "target_profit": "30.00",
    "created_at": "2025-09-07T09:18:16.130Z"
  },
  {
    "_id": "68bd4dd85888423f6a43f445",
    "previous_rtp": "68.00",
    "new_rtp": 66,
    "adjustment": 2,
    "reason": "Profit below target by 29.4% - reducing payouts",
    "profit_gap": -29.418212478920744,
    "actual_profit": 0.581787521079258,
    "target_profit": "30.00",
    "created_at": "2025-09-07T09:18:16.166Z"
  },
  {
    "_id": "68bd54e05888423f6a43f446",
    "previous_rtp": "66.00",
    "new_rtp": 64,
    "adjustment": 2,
    "reason": "Profit below target by 29.4% - reducing payouts",
    "profit_gap": -29.418212478920744,
    "actual_profit": 0.581787521079258,
    "target_profit": "30.00",
    "created_at": "2025-09-07T09:48:16.164Z"
  },
  {
    "_id": "68bd54e05888423f6a43f447",
    "previous_rtp": "66.00",
    "new_rtp": 64,
    "adjustment": 2,
    "reason": "Profit below target by 29.4% - reducing payouts",
    "profit_gap": -29.418212478920744,
    "actual_profit": 0.581787521079258,
    "target_profit": "30.00",
    "created_at": "2025-09-07T09:48:16.166Z"
  },
  {
    "_id": "68bd5af2947f3b980124481e",
    "previous_rtp": "64.00",
    "new_rtp": 62,
    "adjustment": 2,
    "reason": "Profit below target by 29.4% - reducing payouts",
    "profit_gap": -29.418212478920744,
    "actual_profit": 0.581787521079258,
    "target_profit": "30.00",
    "created_at": "2025-09-07T10:14:10.473Z"
  },
  {
    "_id": "68bd61be947f3b980124481f",
    "previous_rtp": "62.00",
    "new_rtp": 60,
    "adjustment": 2,
    "reason": "Profit below target by 29.4% - reducing payouts",
    "profit_gap": -29.418212478920744,
    "actual_profit": 0.581787521079258,
    "target_profit": "30.00",
    "created_at": "2025-09-07T10:43:10.349Z"
  },
  {
    "_id": "68bd61be947f3b9801244820",
    "previous_rtp": "60.00",
    "new_rtp": 58,
    "adjustment": 2,
    "reason": "Profit below target by 29.4% - reducing payouts",
    "profit_gap": -29.418212478920744,
    "actual_profit": 0.581787521079258,
    "target_profit": "30.00",
    "created_at": "2025-09-07T10:43:10.356Z"
  },
  {
    "_id": "68bd6418bc5400df27fe3f48",
    "previous_rtp": "58.00",
    "new_rtp": 56,
    "adjustment": 2,
    "reason": "Profit below target by 29.4% - reducing payouts",
    "profit_gap": -29.418212478920744,
    "actual_profit": 0.581787521079258,
    "target_profit": "30.00",
    "created_at": "2025-09-07T10:53:12.100Z"
  },
  {
    "_id": "68bd6ae4bc5400df27fe3f49",
    "previous_rtp": "56.00",
    "new_rtp": 54,
    "adjustment": 2,
    "reason": "Profit below target by 29.4% - reducing payouts",
    "profit_gap": -29.418212478920744,
    "actual_profit": 0.581787521079258,
    "target_profit": "30.00",
    "created_at": "2025-09-07T11:22:12.029Z"
  },
  {
    "_id": "68bd6ae4bc5400df27fe3f4a",
    "previous_rtp": "54.00",
    "new_rtp": 52,
    "adjustment": 2,
    "reason": "Profit below target by 29.4% - reducing payouts",
    "profit_gap": -29.418212478920744,
    "actual_profit": 0.581787521079258,
    "target_profit": "30.00",
    "created_at": "2025-09-07T11:22:12.048Z"
  },
  {
    "_id": "68bd71ecbc5400df27fe3f4b",
    "previous_rtp": "52.00",
    "new_rtp": 50,
    "adjustment": 2,
    "reason": "Profit below target by 29.4% - reducing payouts",
    "profit_gap": -29.418212478920744,
    "actual_profit": 0.581787521079258,
    "target_profit": "30.00",
    "created_at": "2025-09-07T11:52:12.033Z"
  },
  {
    "_id": "68be63421d591ad0fb94c18f",
    "previous_rtp": "85.00",
    "new_rtp": 83,
    "adjustment": 2,
    "reason": "Profit below target by 12.4% - reducing payouts",
    "profit_gap": -12.397804693414079,
    "actual_profit": 2.6021953065859207,
    "target_profit": "15.00",
    "created_at": "2025-09-08T05:01:54.158Z"
  },
  {
    "_id": "68be63421d591ad0fb94c190",
    "previous_rtp": "83.00",
    "new_rtp": 81,
    "adjustment": 2,
    "reason": "Profit below target by 12.4% - reducing payouts",
    "profit_gap": -12.397804693414079,
    "actual_profit": 2.6021953065859207,
    "target_profit": "15.00",
    "created_at": "2025-09-08T05:01:54.160Z"
  },
  {
    "_id": "68be6a4a1d591ad0fb94c1ff",
    "previous_rtp": "81.00",
    "new_rtp": 79,
    "adjustment": 2,
    "reason": "Profit below target by 12.4% - reducing payouts",
    "profit_gap": -12.384918340800693,
    "actual_profit": 2.615081659199307,
    "target_profit": "15.00",
    "created_at": "2025-09-08T05:31:54.159Z"
  },
  {
    "_id": "68be6a4a1d591ad0fb94c200",
    "previous_rtp": "79.00",
    "new_rtp": 77,
    "adjustment": 2,
    "reason": "Profit below target by 12.4% - reducing payouts",
    "profit_gap": -12.384918340800693,
    "actual_profit": 2.615081659199307,
    "target_profit": "15.00",
    "created_at": "2025-09-08T05:31:54.163Z"
  },
  {
    "_id": "68be71521d591ad0fb94c201",
    "previous_rtp": "77.00",
    "new_rtp": 75,
    "adjustment": 2,
    "reason": "Profit below target by 12.4% - reducing payouts",
    "profit_gap": -12.384918340800693,
    "actual_profit": 2.615081659199307,
    "target_profit": "15.00",
    "created_at": "2025-09-08T06:01:54.158Z"
  },
  {
    "_id": "68be71521d591ad0fb94c202",
    "previous_rtp": "75.00",
    "new_rtp": 73,
    "adjustment": 2,
    "reason": "Profit below target by 12.4% - reducing payouts",
    "profit_gap": -12.384918340800693,
    "actual_profit": 2.615081659199307,
    "target_profit": "15.00",
    "created_at": "2025-09-08T06:01:54.161Z"
  },
  {
    "_id": "68be785a1d591ad0fb94c20f",
    "previous_rtp": "73.00",
    "new_rtp": 71,
    "adjustment": 2,
    "reason": "Profit below target by 11.9% - reducing payouts",
    "profit_gap": -11.852612726506532,
    "actual_profit": 3.147387273493469,
    "target_profit": "15.00",
    "created_at": "2025-09-08T06:31:54.162Z"
  },
  {
    "_id": "68be785a1d591ad0fb94c210",
    "previous_rtp": "71.00",
    "new_rtp": 69,
    "adjustment": 2,
    "reason": "Profit below target by 11.9% - reducing payouts",
    "profit_gap": -11.852612726506532,
    "actual_profit": 3.147387273493469,
    "target_profit": "15.00",
    "created_at": "2025-09-08T06:31:54.166Z"
  },
  {
    "_id": "68be7f621d591ad0fb94c25f",
    "previous_rtp": "69.00",
    "new_rtp": 67,
    "adjustment": 2,
    "reason": "Profit below target by 8.3% - reducing payouts",
    "profit_gap": -8.266809149722736,
    "actual_profit": 6.733190850277265,
    "target_profit": "15.00",
    "created_at": "2025-09-08T07:01:54.157Z"
  },
  {
    "_id": "68be7f621d591ad0fb94c260",
    "previous_rtp": "67.00",
    "new_rtp": 65,
    "adjustment": 2,
    "reason": "Profit below target by 8.3% - reducing payouts",
    "profit_gap": -8.266809149722736,
    "actual_profit": 6.733190850277265,
    "target_profit": "15.00",
    "created_at": "2025-09-08T07:01:54.160Z"
  },
  {
    "_id": "68be866a1d591ad0fb94c2d1",
    "previous_rtp": "65.00",
    "new_rtp": 63,
    "adjustment": 2,
    "reason": "Profit below target by 8.7% - reducing payouts",
    "profit_gap": -8.717270689843664,
    "actual_profit": 6.282729310156336,
    "target_profit": "15.00",
    "created_at": "2025-09-08T07:31:54.157Z"
  },
  {
    "_id": "68be866a1d591ad0fb94c2d2",
    "previous_rtp": "63.00",
    "new_rtp": 61,
    "adjustment": 2,
    "reason": "Profit below target by 8.7% - reducing payouts",
    "profit_gap": -8.717270689843664,
    "actual_profit": 6.282729310156336,
    "target_profit": "15.00",
    "created_at": "2025-09-08T07:31:54.162Z"
  },
  {
    "_id": "68be8d721d591ad0fb94c2d3",
    "previous_rtp": "61.00",
    "new_rtp": 59,
    "adjustment": 2,
    "reason": "Profit below target by 8.7% - reducing payouts",
    "profit_gap": -8.717270689843664,
    "actual_profit": 6.282729310156336,
    "target_profit": "15.00",
    "created_at": "2025-09-08T08:01:54.163Z"
  },
  {
    "_id": "68be8d721d591ad0fb94c2d4",
    "previous_rtp": "59.00",
    "new_rtp": 57,
    "adjustment": 2,
    "reason": "Profit below target by 8.7% - reducing payouts",
    "profit_gap": -8.717270689843664,
    "actual_profit": 6.282729310156336,
    "target_profit": "15.00",
    "created_at": "2025-09-08T08:01:54.166Z"
  },
  {
    "_id": "68be947a1d591ad0fb94c2d5",
    "previous_rtp": "57.00",
    "new_rtp": 55,
    "adjustment": 2,
    "reason": "Profit below target by 8.7% - reducing payouts",
    "profit_gap": -8.717270689843664,
    "actual_profit": 6.282729310156336,
    "target_profit": "15.00",
    "created_at": "2025-09-08T08:31:54.161Z"
  },
  {
    "_id": "68be947a1d591ad0fb94c2d6",
    "previous_rtp": "55.00",
    "new_rtp": 53,
    "adjustment": 2,
    "reason": "Profit below target by 8.7% - reducing payouts",
    "profit_gap": -8.717270689843664,
    "actual_profit": 6.282729310156336,
    "target_profit": "15.00",
    "created_at": "2025-09-08T08:31:54.165Z"
  },
  {
    "_id": "68be9b821d591ad0fb94c2e5",
    "previous_rtp": "80.00",
    "new_rtp": 78,
    "adjustment": 2,
    "reason": "Profit below target by 13.8% - reducing payouts",
    "profit_gap": -13.810105059807345,
    "actual_profit": 6.189894940192654,
    "target_profit": "20.00",
    "created_at": "2025-09-08T09:01:54.180Z"
  },
  {
    "_id": "68be9b821d591ad0fb94c2e6",
    "previous_rtp": "80.00",
    "new_rtp": 78,
    "adjustment": 2,
    "reason": "Profit below target by 13.8% - reducing payouts",
    "profit_gap": -13.810105059807345,
    "actual_profit": 6.189894940192654,
    "target_profit": "20.00",
    "created_at": "2025-09-08T09:01:54.182Z"
  },
  {
    "_id": "68bea28a1d591ad0fb94c30d",
    "previous_rtp": "78.00",
    "new_rtp": 76,
    "adjustment": 2,
    "reason": "Profit below target by 13.9% - reducing payouts",
    "profit_gap": -13.859240601140428,
    "actual_profit": 6.140759398859573,
    "target_profit": "20.00",
    "created_at": "2025-09-08T09:31:54.163Z"
  },
  {
    "_id": "68bea28a1d591ad0fb94c30e",
    "previous_rtp": "78.00",
    "new_rtp": 76,
    "adjustment": 2,
    "reason": "Profit below target by 13.9% - reducing payouts",
    "profit_gap": -13.859240601140428,
    "actual_profit": 6.140759398859573,
    "target_profit": "20.00",
    "created_at": "2025-09-08T09:31:54.164Z"
  },
  {
    "_id": "68bea9921d591ad0fb94c30f",
    "previous_rtp": "76.00",
    "new_rtp": 74,
    "adjustment": 2,
    "reason": "Profit below target by 13.9% - reducing payouts",
    "profit_gap": -13.859240601140428,
    "actual_profit": 6.140759398859573,
    "target_profit": "20.00",
    "created_at": "2025-09-08T10:01:54.470Z"
  },
  {
    "_id": "68bea9921d591ad0fb94c310",
    "previous_rtp": "76.00",
    "new_rtp": 74,
    "adjustment": 2,
    "reason": "Profit below target by 13.9% - reducing payouts",
    "profit_gap": -13.859240601140428,
    "actual_profit": 6.140759398859573,
    "target_profit": "20.00",
    "created_at": "2025-09-08T10:01:54.472Z"
  },
  {
    "_id": "68beb09a1d591ad0fb94c311",
    "previous_rtp": "74.00",
    "new_rtp": 72,
    "adjustment": 2,
    "reason": "Profit below target by 13.9% - reducing payouts",
    "profit_gap": -13.859240601140428,
    "actual_profit": 6.140759398859573,
    "target_profit": "20.00",
    "created_at": "2025-09-08T10:31:54.164Z"
  },
  {
    "_id": "68beb09a1d591ad0fb94c312",
    "previous_rtp": "72.00",
    "new_rtp": 70,
    "adjustment": 2,
    "reason": "Profit below target by 13.9% - reducing payouts",
    "profit_gap": -13.859240601140428,
    "actual_profit": 6.140759398859573,
    "target_profit": "20.00",
    "created_at": "2025-09-08T10:31:54.174Z"
  },
  {
    "_id": "68beb7a21d591ad0fb94c313",
    "previous_rtp": "70.00",
    "new_rtp": 68,
    "adjustment": 2,
    "reason": "Profit below target by 13.9% - reducing payouts",
    "profit_gap": -13.859240601140428,
    "actual_profit": 6.140759398859573,
    "target_profit": "20.00",
    "created_at": "2025-09-08T11:01:54.163Z"
  },
  {
    "_id": "68beb7a21d591ad0fb94c314",
    "previous_rtp": "68.00",
    "new_rtp": 66,
    "adjustment": 2,
    "reason": "Profit below target by 13.9% - reducing payouts",
    "profit_gap": -13.859240601140428,
    "actual_profit": 6.140759398859573,
    "target_profit": "20.00",
    "created_at": "2025-09-08T11:01:54.166Z"
  },
  {
    "_id": "68bebeaa1d591ad0fb94c315",
    "previous_rtp": "66.00",
    "new_rtp": 64,
    "adjustment": 2,
    "reason": "Profit below target by 13.9% - reducing payouts",
    "profit_gap": -13.859240601140428,
    "actual_profit": 6.140759398859573,
    "target_profit": "20.00",
    "created_at": "2025-09-08T11:31:54.163Z"
  },
  {
    "_id": "68bebeaa1d591ad0fb94c316",
    "previous_rtp": "64.00",
    "new_rtp": 62,
    "adjustment": 2,
    "reason": "Profit below target by 13.9% - reducing payouts",
    "profit_gap": -13.859240601140428,
    "actual_profit": 6.140759398859573,
    "target_profit": "20.00",
    "created_at": "2025-09-08T11:31:54.166Z"
  },
  {
    "_id": "68bec3d876e60710bacbe80a",
    "previous_rtp": "62.00",
    "new_rtp": 60,
    "adjustment": 2,
    "reason": "Profit below target by 13.9% - reducing payouts",
    "profit_gap": -13.856986873220405,
    "actual_profit": 6.143013126779595,
    "target_profit": "20.00",
    "created_at": "2025-09-08T11:54:00.420Z"
  },
  {
    "_id": "68bec4c293b3389793460212",
    "previous_rtp": "60.00",
    "new_rtp": 58,
    "adjustment": 2,
    "reason": "Profit below target by 13.9% - reducing payouts",
    "profit_gap": -13.858320667776411,
    "actual_profit": 6.141679332223589,
    "target_profit": "20.00",
    "created_at": "2025-09-08T11:57:54.850Z"
  },
  {
    "_id": "68becb2ef21bd88e65f983e5",
    "previous_rtp": "58.00",
    "new_rtp": 56,
    "adjustment": 2,
    "reason": "Profit below target by 13.8% - reducing payouts",
    "profit_gap": -13.836269726538971,
    "actual_profit": 6.163730273461029,
    "target_profit": "20.00",
    "created_at": "2025-09-08T12:25:18.193Z"
  },
  {
    "_id": "68bed106fb3e4d2ccedb6c50",
    "previous_rtp": "56.00",
    "new_rtp": 54,
    "adjustment": 2,
    "reason": "Profit below target by 13.8% - reducing payouts",
    "profit_gap": -13.836269726538971,
    "actual_profit": 6.163730273461029,
    "target_profit": "20.00",
    "created_at": "2025-09-08T12:50:14.715Z"
  },
  {
    "_id": "68bed1dcf0fea4874c1c6f6b",
    "previous_rtp": "54.00",
    "new_rtp": 52,
    "adjustment": 2,
    "reason": "Profit below target by 13.8% - reducing payouts",
    "profit_gap": -13.836269726538971,
    "actual_profit": 6.163730273461029,
    "target_profit": "20.00",
    "created_at": "2025-09-08T12:53:48.374Z"
  },
  {
    "_id": "68bed35e451ca5e8b053454e",
    "previous_rtp": "52.00",
    "new_rtp": 50,
    "adjustment": 2,
    "reason": "Profit below target by 13.8% - reducing payouts",
    "profit_gap": -13.820412573437348,
    "actual_profit": 6.179587426562651,
    "target_profit": "20.00",
    "created_at": "2025-09-08T13:00:14.589Z"
  },
  {
    "_id": "68befbc2cd3680fd5bd28e50",
    "previous_rtp": "70.00",
    "new_rtp": 68,
    "adjustment": 2,
    "reason": "Profit below target by 24.0% - reducing payouts",
    "profit_gap": -23.963647321691067,
    "actual_profit": 6.0363526783089325,
    "target_profit": "30.00",
    "created_at": "2025-09-08T15:52:34.333Z"
  },
  {
    "_id": "68befbc2cd3680fd5bd28e51",
    "previous_rtp": "68.00",
    "new_rtp": 66,
    "adjustment": 2,
    "reason": "Profit below target by 24.0% - reducing payouts",
    "profit_gap": -23.963647321691067,
    "actual_profit": 6.0363526783089325,
    "target_profit": "30.00",
    "created_at": "2025-09-08T15:52:34.337Z"
  },
  {
    "_id": "68bf02cacd3680fd5bd28e7a",
    "previous_rtp": "66.00",
    "new_rtp": 64,
    "adjustment": 2,
    "reason": "Profit below target by 24.4% - reducing payouts",
    "profit_gap": -24.380015875622707,
    "actual_profit": 5.619984124377293,
    "target_profit": "30.00",
    "created_at": "2025-09-08T16:22:34.324Z"
  },
  {
    "_id": "68bf02cacd3680fd5bd28e7b",
    "previous_rtp": "64.00",
    "new_rtp": 62,
    "adjustment": 2,
    "reason": "Profit below target by 24.4% - reducing payouts",
    "profit_gap": -24.380015875622707,
    "actual_profit": 5.619984124377293,
    "target_profit": "30.00",
    "created_at": "2025-09-08T16:22:34.328Z"
  },
  {
    "_id": "68bf09d2cd3680fd5bd28ed8",
    "previous_rtp": "62.00",
    "new_rtp": 60,
    "adjustment": 2,
    "reason": "Profit below target by 16.7% - reducing payouts",
    "profit_gap": -16.731737282507638,
    "actual_profit": 13.268262717492362,
    "target_profit": "30.00",
    "created_at": "2025-09-08T16:52:34.320Z"
  },
  {
    "_id": "68bf09d2cd3680fd5bd28ed9",
    "previous_rtp": "60.00",
    "new_rtp": 58,
    "adjustment": 2,
    "reason": "Profit below target by 16.7% - reducing payouts",
    "profit_gap": -16.731737282507638,
    "actual_profit": 13.268262717492362,
    "target_profit": "30.00",
    "created_at": "2025-09-08T16:52:34.325Z"
  },
  {
    "_id": "68bf10dacd3680fd5bd28f1c",
    "previous_rtp": "58.00",
    "new_rtp": 56,
    "adjustment": 2,
    "reason": "Profit below target by 18.1% - reducing payouts",
    "profit_gap": -18.083966317566272,
    "actual_profit": 11.916033682433728,
    "target_profit": "30.00",
    "created_at": "2025-09-08T17:22:34.326Z"
  },
  {
    "_id": "68bf10dacd3680fd5bd28f1d",
    "previous_rtp": "56.00",
    "new_rtp": 54,
    "adjustment": 2,
    "reason": "Profit below target by 18.1% - reducing payouts",
    "profit_gap": -18.083966317566272,
    "actual_profit": 11.916033682433728,
    "target_profit": "30.00",
    "created_at": "2025-09-08T17:22:34.339Z"
  },
  {
    "_id": "68bf17e2cd3680fd5bd28f20",
    "previous_rtp": "54.00",
    "new_rtp": 52,
    "adjustment": 2,
    "reason": "Profit below target by 16.2% - reducing payouts",
    "profit_gap": -16.21090842828097,
    "actual_profit": 13.78909157171903,
    "target_profit": "30.00",
    "created_at": "2025-09-08T17:52:34.326Z"
  },
  {
    "_id": "68bf17e2cd3680fd5bd28f21",
    "previous_rtp": "52.00",
    "new_rtp": 50,
    "adjustment": 2,
    "reason": "Profit below target by 16.2% - reducing payouts",
    "profit_gap": -16.21090842828097,
    "actual_profit": 13.78909157171903,
    "target_profit": "30.00",
    "created_at": "2025-09-08T17:52:34.331Z"
  },
  {
    "_id": "68c100438303a78878a82430",
    "previous_rtp": "100.00",
    "new_rtp": 99,
    "adjustment": 1,
    "reason": "Profit above target by 32.5% - increasing payouts",
    "profit_gap": 32.45587027914614,
    "actual_profit": 32.45587027914614,
    "target_profit": "0.00",
    "created_at": "2025-09-10T04:36:19.412Z"
  }
]