{"indexes":[{"v":{"$numberInt":"2"},"key":{"_id":{"$numberInt":"1"}},"name":"_id_"},{"v":{"$numberInt":"2"},"key":{"user_id":{"$numberInt":"1"},"outcome":{"$numberInt":"1"}},"name":"user_id_1_outcome_1"},{"v":{"$numberInt":"2"},"key":{"transaction_id":{"$numberInt":"1"}},"name":"transaction_id_1"},{"v":{"$numberInt":"2"},"key":{"user_id":{"$numberInt":"1"}},"name":"user_id_1"},{"v":{"$numberInt":"2"},"key":{"game_id":{"$numberInt":"1"}},"name":"game_id_1"},{"v":{"$numberInt":"2"},"key":{"outcome":{"$numberInt":"1"}},"name":"outcome_1"},{"v":{"$numberInt":"2"},"key":{"placed_at":{"$numberInt":"1"}},"name":"placed_at_1"}],"uuid":"a5c57847190540eca471785a5df748e0","collectionName":"bets","type":"collection"}