{"indexes":[{"v":{"$numberInt":"2"},"key":{"_id":{"$numberInt":"1"}},"name":"_id_"},{"v":{"$numberInt":"2"},"key":{"external_reference":{"$numberInt":"1"}},"name":"external_reference_1"},{"v":{"$numberInt":"2"},"key":{"user_id":{"$numberInt":"1"},"external_reference":{"$numberInt":"1"}},"name":"user_id_1_external_reference_1"},{"v":{"$numberInt":"2"},"key":{"user_id":{"$numberInt":"1"},"type":{"$numberInt":"1"},"status":{"$numberInt":"1"}},"name":"user_id_1_type_1_status_1"},{"v":{"$numberInt":"2"},"key":{"user_id":{"$numberInt":"1"},"type":{"$numberInt":"1"},"amount":{"$numberInt":"1"},"created_at":{"$numberInt":"1"}},"name":"user_id_1_type_1_amount_1_created_at_1"},{"v":{"$numberInt":"2"},"key":{"metadata.game_id":{"$numberInt":"1"}},"name":"metadata.game_id_1"},{"v":{"$numberInt":"2"},"key":{"user_id":{"$numberInt":"1"}},"name":"user_id_1"},{"v":{"$numberInt":"2"},"key":{"created_at":{"$numberInt":"1"}},"name":"created_at_1"},{"v":{"$numberInt":"2"},"key":{"status":{"$numberInt":"1"}},"name":"status_1"},{"v":{"$numberInt":"2"},"key":{"type":{"$numberInt":"1"}},"name":"type_1"},{"v":{"$numberInt":"2"},"key":{"metadata.session_id":{"$numberInt":"1"}},"name":"metadata.session_id_1"}],"uuid":"6691d13a81ae4426a65c4f62a3bc3256","collectionName":"transactions","type":"collection"}